{"cameraMode":{"drawMode":0,"name":"Shaded","section":"Shading Mode"},"sceneLighting":false,"audioPlay":false,"sceneViewState":{"m_AlwaysRefresh":false,"showFog":true,"showSkybox":true,"showFlares":true,"showImageEffects":true,"showParticleSystems":true,"showVisualEffectGraphs":true,"m_FxEnabled":true},"in2DMode":false,"pivot":{"x":-0.10089998692274094,"y":-8.030638694763184,"z":9.735664367675782},"rotation":{"x":0.3441295921802521,"y":-0.0011175182880833746,"z":0.00040838331915438175,"w":0.9389280080795288},"size":7.847468376159668,"orthographic":false}